,country,year,sex,age,suicides_no,population,suicidesper100k,gdp_for_year,gdp_per_capita,generation
26848,United States,1985,male,75+ years,2177,4064000,53.57,"4,346,734,000,000",19693,G.I. Generation
26849,United States,1985,male,55-74 years,5302,17971000,29.5,"4,346,734,000,000",19693,G.I. Generation
26850,United States,1985,male,25-34 years,5134,20986000,24.46,"4,346,734,000,000",19693,Boomers
26851,United States,1985,male,35-54 years,6053,26589000,22.77,"4,346,734,000,000",19693,Silent
26852,United States,1985,male,15-24 years,4267,19962000,21.38,"4,346,734,000,000",19693,Generation X
26853,United States,1985,female,35-54 years,2105,27763000,7.58,"4,346,734,000,000",19693,Silent
26854,United States,1985,female,55-74 years,1568,21366000,7.34,"4,346,734,000,000",19693,G.I. Generation
26855,United States,1985,female,75+ years,466,7469000,6.24,"4,346,734,000,000",19693,G.I. Generation
26856,United States,1985,female,25-34 years,1242,21041000,5.9,"4,346,734,000,000",19693,Boomers
26857,United States,1985,female,15-24 years,854,19589000,4.36,"4,346,734,000,000",19693,Generation X
26858,United States,1985,male,5-14 years,205,17370000,1.18,"4,346,734,000,000",19693,Generation X
26859,United States,1985,female,5-14 years,73,16553000,0.44,"4,346,734,000,000",19693,Generation X
26860,United States,1986,male,75+ years,2340,4178000,56.01,"4,590,155,000,000",20588,G.I. Generation
26861,United States,1986,male,55-74 years,5500,18101000,30.39,"4,590,155,000,000",20588,G.I. Generation
26862,United States,1986,male,25-34 years,5450,21393000,25.48,"4,590,155,000,000",20588,Boomers
26863,United States,1986,male,35-54 years,6450,27363000,23.57,"4,590,155,000,000",20588,Silent
26864,United States,1986,male,15-24 years,4276,19715000,21.69,"4,590,155,000,000",20588,Generation X
26865,United States,1986,female,35-54 years,2299,28520000,8.06,"4,590,155,000,000",20588,Silent
26866,United States,1986,female,55-74 years,1696,21455000,7.9,"4,590,155,000,000",20588,G.I. Generation
26867,United States,1986,female,75+ years,521,7669000,6.79,"4,590,155,000,000",20588,G.I. Generation
26868,United States,1986,female,25-34 years,1261,21391000,5.9,"4,590,155,000,000",20588,Boomers
26869,United States,1986,female,15-24 years,844,19313000,4.37,"4,590,155,000,000",20588,Generation X
26870,United States,1986,male,5-14 years,199,17338000,1.15,"4,590,155,000,000",20588,Generation X
26871,United States,1986,female,5-14 years,56,16517000,0.34,"4,590,155,000,000",20588,Generation X
26872,United States,1987,male,75+ years,2532,4295000,58.95,"4,870,217,000,000",21631,G.I. Generation
26873,United States,1987,male,55-74 years,5482,18190000,30.14,"4,870,217,000,000",21631,G.I. Generation
26874,United States,1987,male,25-34 years,5370,21670000,24.78,"4,870,217,000,000",21631,Boomers
26875,United States,1987,male,35-54 years,6569,28222000,23.28,"4,870,217,000,000",21631,Silent
26876,United States,1987,male,15-24 years,4109,19327000,21.26,"4,870,217,000,000",21631,Generation X
26877,United States,1987,female,35-54 years,2270,29359000,7.73,"4,870,217,000,000",21631,Silent
26878,United States,1987,female,55-74 years,1596,21497000,7.42,"4,870,217,000,000",21631,G.I. Generation
26879,United States,1987,female,75+ years,504,7872000,6.4,"4,870,217,000,000",21631,G.I. Generation
26880,United States,1987,female,25-34 years,1285,21645000,5.94,"4,870,217,000,000",21631,Boomers
26881,United States,1987,female,15-24 years,815,18925000,4.31,"4,870,217,000,000",21631,Generation X
26882,United States,1987,male,5-14 years,199,17486000,1.14,"4,870,217,000,000",21631,Generation X
26883,United States,1987,female,5-14 years,52,16660000,0.31,"4,870,217,000,000",21631,Generation X
26884,United States,1988,male,75+ years,2548,4409000,57.79,"5,252,629,000,000",23103,G.I. Generation
26885,United States,1988,male,55-74 years,5198,18235000,28.51,"5,252,629,000,000",23103,G.I. Generation
26886,United States,1988,male,25-34 years,5463,21853000,25.0,"5,252,629,000,000",23103,Boomers
26887,United States,1988,male,35-54 years,6528,29147000,22.4,"5,252,629,000,000",23103,Silent
26888,United States,1988,male,15-24 years,4143,18897000,21.92,"5,252,629,000,000",23103,Generation X
26889,United States,1988,female,35-54 years,2209,30281000,7.3,"5,252,629,000,000",23103,Silent
26890,United States,1988,female,55-74 years,1504,21491000,7.0,"5,252,629,000,000",23103,G.I. Generation
26891,United States,1988,female,75+ years,519,8062000,6.44,"5,252,629,000,000",23103,G.I. Generation
26892,United States,1988,female,25-34 years,1247,21822000,5.71,"5,252,629,000,000",23103,Boomers
26893,United States,1988,female,15-24 years,786,18501000,4.25,"5,252,629,000,000",23103,Generation X
26894,United States,1988,male,5-14 years,181,17751000,1.02,"5,252,629,000,000",23103,Generation X
26895,United States,1988,female,5-14 years,62,16904000,0.37,"5,252,629,000,000",23103,Generation X
26896,United States,1989,male,75+ years,2462,4541000,54.22,"5,657,693,000,000",24654,G.I. Generation
26897,United States,1989,male,55-74 years,5185,18295000,28.34,"5,657,693,000,000",24654,G.I. Generation
26898,United States,1989,male,25-34 years,5339,21943000,24.33,"5,657,693,000,000",24654,Boomers
26899,United States,1989,male,35-54 years,6814,30135000,22.61,"5,657,693,000,000",24654,Silent
26900,United States,1989,male,15-24 years,4106,18459000,22.24,"5,657,693,000,000",24654,Generation X
26901,United States,1989,female,35-54 years,2159,31264000,6.91,"5,657,693,000,000",24654,Silent
26902,United States,1989,female,55-74 years,1432,21480000,6.67,"5,657,693,000,000",24654,G.I. Generation
26903,United States,1989,female,75+ years,491,8262000,5.94,"5,657,693,000,000",24654,G.I. Generation
26904,United States,1989,female,25-34 years,1226,21892000,5.6,"5,657,693,000,000",24654,Boomers
26905,United States,1989,female,15-24 years,764,18055000,4.23,"5,657,693,000,000",24654,Generation X
26906,United States,1989,male,5-14 years,184,18010000,1.02,"5,657,693,000,000",24654,Generation X
26907,United States,1989,female,5-14 years,56,17151000,0.33,"5,657,693,000,000",24654,Generation X
26908,United States,1990,male,75+ years,2653,4585900,57.85,"5,979,589,000,000",26004,G.I. Generation
26909,United States,1990,male,55-74 years,5109,17861900,28.6,"5,979,589,000,000",26004,G.I. Generation
26910,United States,1990,male,25-34 years,5339,21564300,24.76,"5,979,589,000,000",26004,Boomers
26911,United States,1990,male,35-54 years,7260,30742000,23.62,"5,979,589,000,000",26004,Silent
26912,United States,1990,male,15-24 years,4160,18915400,21.99,"5,979,589,000,000",26004,Generation X
26913,United States,1990,female,55-74 years,1504,21296300,7.06,"5,979,589,000,000",26004,G.I. Generation
26914,United States,1990,female,35-54 years,2175,31749500,6.85,"5,979,589,000,000",26004,Silent
26915,United States,1990,female,75+ years,511,8447400,6.05,"5,979,589,000,000",26004,G.I. Generation
26916,United States,1990,female,25-34 years,1211,21596400,5.61,"5,979,589,000,000",26004,Boomers
26917,United States,1990,female,15-24 years,709,18097900,3.92,"5,979,589,000,000",26004,Generation X
26918,United States,1990,male,5-14 years,195,17970800,1.09,"5,979,589,000,000",26004,Generation X
26919,United States,1990,female,5-14 years,69,17124400,0.4,"5,979,589,000,000",26004,Generation X
26920,United States,1991,male,75+ years,2673,4769000,56.05,"6,174,043,000,000",26503,G.I. Generation
26921,United States,1991,male,55-74 years,4983,17954000,27.75,"6,174,043,000,000",26503,Silent
26922,United States,1991,male,25-34 years,5361,21427000,25.02,"6,174,043,000,000",26503,Boomers
26923,United States,1991,male,35-54 years,7454,31995000,23.3,"6,174,043,000,000",26503,Boomers
26924,United States,1991,male,15-24 years,4073,18609000,21.89,"6,174,043,000,000",26503,Generation X
26925,United States,1991,female,35-54 years,2296,33017000,6.95,"6,174,043,000,000",26503,Boomers
26926,United States,1991,female,55-74 years,1342,21331000,6.29,"6,174,043,000,000",26503,Silent
26927,United States,1991,female,75+ years,511,8705000,5.87,"6,174,043,000,000",26503,G.I. Generation
26928,United States,1991,female,25-34 years,1153,21450000,5.38,"6,174,043,000,000",26503,Boomers
26929,United States,1991,female,15-24 years,678,17790000,3.81,"6,174,043,000,000",26503,Generation X
26930,United States,1991,male,5-14 years,208,18388000,1.13,"6,174,043,000,000",26503,Millenials
26931,United States,1991,female,5-14 years,58,17520000,0.33,"6,174,043,000,000",26503,Millenials
26932,United States,1992,male,75+ years,2573,4916700,52.33,"6,539,299,000,000",27760,G.I. Generation
26933,United States,1992,male,55-74 years,4818,18038900,26.71,"6,539,299,000,000",27760,Silent
26934,United States,1992,male,25-34 years,5102,21232500,24.03,"6,539,299,000,000",27760,Boomers
26935,United States,1992,male,35-54 years,7679,33165400,23.15,"6,539,299,000,000",27760,Boomers
26936,United States,1992,male,15-24 years,4044,18478000,21.89,"6,539,299,000,000",27760,Generation X
26937,United States,1992,female,35-54 years,2348,34156600,6.87,"6,539,299,000,000",27760,Boomers
26938,United States,1992,female,55-74 years,1325,21346900,6.21,"6,539,299,000,000",27760,Silent
26939,United States,1992,female,75+ years,549,8898100,6.17,"6,539,299,000,000",27760,G.I. Generation
26940,United States,1992,female,25-34 years,1070,21212300,5.04,"6,539,299,000,000",27760,Boomers
26941,United States,1992,female,15-24 years,649,17668700,3.67,"6,539,299,000,000",27760,Generation X
26942,United States,1992,male,5-14 years,232,18668200,1.24,"6,539,299,000,000",27760,Millenials
26943,United States,1992,female,5-14 years,82,17783300,0.46,"6,539,299,000,000",27760,Millenials
26944,United States,1993,male,75+ years,2649,5043500,52.52,"6,878,718,000,000",28891,G.I. Generation
26945,United States,1993,male,55-74 years,4797,18163000,26.41,"6,878,718,000,000",28891,Silent
26946,United States,1993,male,25-34 years,5218,20942000,24.92,"6,878,718,000,000",28891,Boomers
26947,United States,1993,male,35-54 years,7976,34205000,23.32,"6,878,718,000,000",28891,Boomers
26948,United States,1993,male,15-24 years,4119,18399400,22.39,"6,878,718,000,000",28891,Generation X
26949,United States,1993,female,35-54 years,2362,35236400,6.7,"6,878,718,000,000",28891,Boomers
26950,United States,1993,female,55-74 years,1304,21398900,6.09,"6,878,718,000,000",28891,Silent
26951,United States,1993,female,75+ years,519,9090400,5.71,"6,878,718,000,000",28891,G.I. Generation
26952,United States,1993,female,25-34 years,1089,20933400,5.2,"6,878,718,000,000",28891,Boomers
26953,United States,1993,female,15-24 years,730,17630000,4.14,"6,878,718,000,000",28891,Generation X
26954,United States,1993,male,5-14 years,233,18972100,1.23,"6,878,718,000,000",28891,Millenials
26955,United States,1993,female,5-14 years,88,18078200,0.49,"6,878,718,000,000",28891,Millenials
26956,United States,1994,male,75+ years,2629,5185500,50.7,"7,308,755,000,000",30375,G.I. Generation
26957,United States,1994,male,25-34 years,5295,20676800,25.61,"7,308,755,000,000",30375,Boomers
26958,United States,1994,male,55-74 years,4498,18273200,24.62,"7,308,755,000,000",30375,Silent
26959,United States,1994,male,15-24 years,4302,18347400,23.45,"7,308,755,000,000",30375,Generation X
26960,United States,1994,male,35-54 years,8199,35239700,23.27,"7,308,755,000,000",30375,Boomers
26961,United States,1994,female,35-54 years,2472,36290200,6.81,"7,308,755,000,000",30375,Boomers
26962,United States,1994,female,75+ years,514,9261000,5.55,"7,308,755,000,000",30375,G.I. Generation
26963,United States,1994,female,55-74 years,1179,21456100,5.49,"7,308,755,000,000",30375,Silent
26964,United States,1994,female,25-34 years,1059,20677400,5.12,"7,308,755,000,000",30375,Boomers
26965,United States,1994,female,15-24 years,654,17595500,3.72,"7,308,755,000,000",30375,Generation X
26966,United States,1994,male,5-14 years,234,19259500,1.21,"7,308,755,000,000",30375,Millenials
26967,United States,1994,female,5-14 years,88,18351800,0.48,"7,308,755,000,000",30375,Millenials
26968,United States,1995,male,75+ years,2580,5346600,48.25,"7,664,060,000,000",31518,G.I. Generation
26969,United States,1995,male,25-34 years,5234,20432000,25.62,"7,664,060,000,000",31518,Generation X
26970,United States,1995,male,55-74 years,4607,18386200,25.06,"7,664,060,000,000",31518,Silent
26971,United States,1995,male,35-54 years,8545,36243300,23.58,"7,664,060,000,000",31518,Boomers
26972,United States,1995,male,15-24 years,4132,18352000,22.52,"7,664,060,000,000",31518,Generation X
26973,United States,1995,female,35-54 years,2454,37303100,6.58,"7,664,060,000,000",31518,Boomers
26974,United States,1995,female,75+ years,516,9426600,5.47,"7,664,060,000,000",31518,G.I. Generation
26975,United States,1995,female,55-74 years,1157,21504100,5.38,"7,664,060,000,000",31518,Silent
26976,United States,1995,female,25-34 years,1058,20441200,5.18,"7,664,060,000,000",31518,Generation X
26977,United States,1995,female,15-24 years,652,17594600,3.71,"7,664,060,000,000",31518,Generation X
26978,United States,1995,male,5-14 years,260,19528500,1.33,"7,664,060,000,000",31518,Millenials
26979,United States,1995,female,5-14 years,77,18606000,0.41,"7,664,060,000,000",31518,Millenials
26980,United States,1996,male,75+ years,2586,5556200,46.54,"8,100,201,000,000",32928,G.I. Generation
26981,United States,1996,male,55-74 years,4613,18490700,24.95,"8,100,201,000,000",32928,Silent
26982,United States,1996,male,35-54 years,8984,37405100,24.02,"8,100,201,000,000",32928,Boomers
26983,United States,1996,male,25-34 years,4848,20191300,24.01,"8,100,201,000,000",32928,Generation X
26984,United States,1996,male,15-24 years,3724,18617800,20.0,"8,100,201,000,000",32928,Generation X
26985,United States,1996,female,35-54 years,2594,38357900,6.76,"8,100,201,000,000",32928,Boomers
26986,United States,1996,female,55-74 years,1118,21540200,5.19,"8,100,201,000,000",32928,Silent
26987,United States,1996,female,25-34 years,1013,20176900,5.02,"8,100,201,000,000",32928,Generation X
26988,United States,1996,female,75+ years,463,9635400,4.81,"8,100,201,000,000",32928,G.I. Generation
26989,United States,1996,female,15-24 years,634,17604000,3.6,"8,100,201,000,000",32928,Generation X
26990,United States,1996,male,5-14 years,225,19681500,1.14,"8,100,201,000,000",32928,Millenials
26991,United States,1996,female,5-14 years,77,18740800,0.41,"8,100,201,000,000",32928,Millenials
26992,United States,1997,male,75+ years,2566,5740700,44.7,"8,608,515,000,000",34644,G.I. Generation
26993,United States,1997,male,55-74 years,4514,18659400,24.19,"8,608,515,000,000",34644,Silent
26994,United States,1997,male,25-34 years,4684,19810400,23.64,"8,608,515,000,000",34644,Generation X
26995,United States,1997,male,35-54 years,8920,38339600,23.27,"8,608,515,000,000",34644,Boomers
26996,United States,1997,male,15-24 years,3559,18805800,18.93,"8,608,515,000,000",34644,Generation X
26997,United States,1997,female,35-54 years,2758,39291000,7.02,"8,608,515,000,000",34644,Boomers
26998,United States,1997,female,75+ years,499,9836300,5.07,"8,608,515,000,000",34644,G.I. Generation
26999,United States,1997,female,55-74 years,1095,21652100,5.06,"8,608,515,000,000",34644,Silent
27000,United States,1997,female,25-34 years,988,19799100,4.99,"8,608,515,000,000",34644,Generation X
27001,United States,1997,female,15-24 years,627,17773900,3.53,"8,608,515,000,000",34644,Generation X
27002,United States,1997,male,5-14 years,233,19860900,1.17,"8,608,515,000,000",34644,Millenials
27003,United States,1997,female,5-14 years,74,18917200,0.39,"8,608,515,000,000",34644,Millenials
27004,United States,1998,male,75+ years,2686,5948900,45.15,"9,089,168,000,000",36164,G.I. Generation
27005,United States,1998,male,35-54 years,9192,39000700,23.57,"9,089,168,000,000",36164,Boomers
27006,United States,1998,male,55-74 years,4466,19055300,23.44,"9,089,168,000,000",36164,Silent
27007,United States,1998,male,25-34 years,4404,19253800,22.87,"9,089,168,000,000",36164,Generation X
27008,United States,1998,male,15-24 years,3532,19041700,18.55,"9,089,168,000,000",36164,Generation X
27009,United States,1998,female,35-54 years,2776,40104100,6.92,"9,089,168,000,000",36164,Boomers
27010,United States,1998,female,75+ years,520,10057000,5.17,"9,089,168,000,000",36164,G.I. Generation
27011,United States,1998,female,55-74 years,1094,22016000,4.97,"9,089,168,000,000",36164,Silent
27012,United States,1998,female,25-34 years,961,19520600,4.92,"9,089,168,000,000",36164,Generation X
27013,United States,1998,female,15-24 years,603,18171800,3.32,"9,089,168,000,000",36164,Generation X
27014,United States,1998,male,5-14 years,241,20049800,1.2,"9,089,168,000,000",36164,Millenials
27015,United States,1998,female,5-14 years,83,19112800,0.43,"9,089,168,000,000",36164,Millenials
27016,United States,1999,male,75+ years,2549,6111376,41.71,"9,660,624,000,000",38072,G.I. Generation
27017,United States,1999,male,35-54 years,8873,39753404,22.32,"9,660,624,000,000",38072,Boomers
27018,United States,1999,male,25-34 years,4194,18826288,22.28,"9,660,624,000,000",38072,Generation X
27019,United States,1999,male,55-74 years,4306,19349103,22.25,"9,660,624,000,000",38072,Silent
27020,United States,1999,male,15-24 years,3326,19334049,17.2,"9,660,624,000,000",38072,Generation X
27021,United States,1999,female,35-54 years,2674,40861603,6.54,"9,660,624,000,000",38072,Boomers
27022,United States,1999,female,25-34 years,912,19109524,4.77,"9,660,624,000,000",38072,Generation X
27023,United States,1999,female,55-74 years,1061,22258230,4.77,"9,660,624,000,000",38072,Silent
27024,United States,1999,female,75+ years,469,10210401,4.59,"9,660,624,000,000",38072,G.I. Generation
27025,United States,1999,female,15-24 years,575,18439463,3.12,"9,660,624,000,000",38072,Generation X
27026,United States,1999,male,5-14 years,194,20219664,0.96,"9,660,624,000,000",38072,Millenials
27027,United States,1999,female,5-14 years,50,19275566,0.26,"9,660,624,000,000",38072,Millenials
27028,United States,2000,male,75+ years,2589,6106351,42.4,"10,284,779,000,000",39218,G.I. Generation
27029,United States,2000,male,35-54 years,9263,40945028,22.62,"10,284,779,000,000",39218,Boomers
27030,United States,2000,male,55-74 years,4153,19948630,20.82,"10,284,779,000,000",39218,Silent
27031,United States,2000,male,25-34 years,3938,20120529,19.57,"10,284,779,000,000",39218,Generation X
27032,United States,2000,male,15-24 years,3424,20078818,17.05,"10,284,779,000,000",39218,Generation X
27033,United States,2000,female,35-54 years,2736,41881451,6.53,"10,284,779,000,000",39218,Boomers
27034,United States,2000,female,55-74 years,1084,22717040,4.77,"10,284,779,000,000",39218,Silent
27035,United States,2000,female,25-34 years,854,19771195,4.32,"10,284,779,000,000",39218,Generation X
27036,United States,2000,female,75+ years,425,10494416,4.05,"10,284,779,000,000",39218,G.I. Generation
27037,United States,2000,female,15-24 years,570,19105073,2.98,"10,284,779,000,000",39218,Generation X
27038,United States,2000,male,5-14 years,244,21043474,1.16,"10,284,779,000,000",39218,Millenials
27039,United States,2000,female,5-14 years,63,20034103,0.31,"10,284,779,000,000",39218,Millenials
27040,United States,2001,male,75+ years,2549,6285825,40.55,"10,621,824,000,000",40018,Silent
27041,United States,2001,male,35-54 years,9684,41638996,23.26,"10,621,824,000,000",40018,Boomers
27042,United States,2001,male,55-74 years,4603,20451417,22.51,"10,621,824,000,000",40018,Silent
27043,United States,2001,male,25-34 years,4199,20013572,20.98,"10,621,824,000,000",40018,Generation X
27044,United States,2001,male,15-24 years,3409,20485156,16.64,"10,621,824,000,000",40018,Millenials
27045,United States,2001,female,35-54 years,2893,42567863,6.8,"10,621,824,000,000",40018,Boomers
27046,United States,2001,female,55-74 years,1146,23170384,4.95,"10,621,824,000,000",40018,Silent
27047,United States,2001,female,25-34 years,871,19593734,4.45,"10,621,824,000,000",40018,Generation X
27048,United States,2001,female,75+ years,412,10691894,3.85,"10,621,824,000,000",40018,Silent
27049,United States,2001,female,15-24 years,562,19463211,2.89,"10,621,824,000,000",40018,Millenials
27050,United States,2001,male,5-14 years,214,21032860,1.02,"10,621,824,000,000",40018,Millenials
27051,United States,2001,female,5-14 years,65,20032634,0.32,"10,621,824,000,000",40018,Millenials
27052,United States,2002,male,75+ years,2642,6470864,40.83,"10,977,514,000,000",40845,Silent
27053,United States,2002,male,35-54 years,10101,42042827,24.03,"10,977,514,000,000",40845,Boomers
27054,United States,2002,male,55-74 years,4890,21085316,23.19,"10,977,514,000,000",40845,Silent
27055,United States,2002,male,25-34 years,4135,20202776,20.47,"10,977,514,000,000",40845,Generation X
27056,United States,2002,male,15-24 years,3432,20821269,16.48,"10,977,514,000,000",40845,Millenials
27057,United States,2002,female,35-54 years,3058,42957716,7.12,"10,977,514,000,000",40845,Boomers
27058,United States,2002,female,55-74 years,1191,23790625,5.01,"10,977,514,000,000",40845,Silent
27059,United States,2002,female,25-34 years,911,19725528,4.62,"10,977,514,000,000",40845,Generation X
27060,United States,2002,female,75+ years,443,10856838,4.08,"10,977,514,000,000",40845,Silent
27061,United States,2002,female,15-24 years,578,19768514,2.92,"10,977,514,000,000",40845,Millenials
27062,United States,2002,male,5-14 years,199,21012559,0.95,"10,977,514,000,000",40845,Millenials
27063,United States,2002,female,5-14 years,65,20024727,0.32,"10,977,514,000,000",40845,Millenials
27064,United States,2003,male,75+ years,2499,6599131,37.87,"11,510,670,000,000",42468,Silent
27065,United States,2003,male,35-54 years,10025,42177315,23.77,"11,510,670,000,000",42468,Boomers
27066,United States,2003,male,55-74 years,4941,21773685,22.69,"11,510,670,000,000",42468,Silent
27067,United States,2003,male,25-34 years,4156,20222486,20.55,"11,510,670,000,000",42468,Generation X
27068,United States,2003,male,15-24 years,3381,21182602,15.96,"11,510,670,000,000",42468,Millenials
27069,United States,2003,female,35-54 years,3058,42997878,7.11,"11,510,670,000,000",42468,Boomers
27070,United States,2003,female,55-74 years,1237,24463095,5.06,"11,510,670,000,000",42468,Silent
27071,United States,2003,female,25-34 years,909,19650112,4.63,"11,510,670,000,000",42468,Generation X
27072,United States,2003,female,75+ years,414,10983008,3.77,"11,510,670,000,000",42468,Silent
27073,United States,2003,female,15-24 years,607,20023561,3.03,"11,510,670,000,000",42468,Millenials
27074,United States,2003,male,5-14 years,194,20976656,0.92,"11,510,670,000,000",42468,Millenials
27075,United States,2003,female,5-14 years,56,19991981,0.28,"11,510,670,000,000",42468,Millenials
27076,United States,2004,male,75+ years,2496,6726102,37.11,"12,274,928,000,000",44867,Silent
27077,United States,2004,male,35-54 years,10145,42486552,23.88,"12,274,928,000,000",44867,Boomers
27078,United States,2004,male,55-74 years,4989,22427063,22.25,"12,274,928,000,000",44867,Silent
27079,United States,2004,male,25-34 years,4142,20336031,20.37,"12,274,928,000,000",44867,Generation X
27080,United States,2004,male,15-24 years,3596,21438383,16.77,"12,274,928,000,000",44867,Millenials
27081,United States,2004,female,35-54 years,3399,43240905,7.86,"12,274,928,000,000",44867,Boomers
27082,United States,2004,female,55-74 years,1301,25115333,5.18,"12,274,928,000,000",44867,Silent
27083,United States,2004,female,25-34 years,932,19695906,4.73,"12,274,928,000,000",44867,Generation X
27084,United States,2004,female,75+ years,423,11104411,3.81,"12,274,928,000,000",44867,Silent
27085,United States,2004,female,15-24 years,720,20262722,3.55,"12,274,928,000,000",44867,Millenials
27086,United States,2004,male,5-14 years,187,20860278,0.9,"12,274,928,000,000",44867,Millenials
27087,United States,2004,female,5-14 years,98,19890450,0.49,"12,274,928,000,000",44867,Millenials
27088,United States,2005,male,75+ years,2610,6883241,37.92,"13,093,726,000,000",47423,Silent
27089,United States,2005,male,35-54 years,10332,42835394,24.12,"13,093,726,000,000",47423,Boomers
27090,United States,2005,male,55-74 years,5190,23156114,22.41,"13,093,726,000,000",47423,Silent
27091,United States,2005,male,25-34 years,4066,20421260,19.91,"13,093,726,000,000",47423,Generation X
27092,United States,2005,male,15-24 years,3498,21647159,16.16,"13,093,726,000,000",47423,Millenials
27093,United States,2005,female,35-54 years,3209,43509335,7.38,"13,093,726,000,000",47423,Boomers
27094,United States,2005,female,55-74 years,1364,25839240,5.28,"13,093,726,000,000",47423,Silent
27095,United States,2005,female,25-34 years,924,19721652,4.69,"13,093,726,000,000",47423,Generation X
27096,United States,2005,female,75+ years,450,11267059,3.99,"13,093,726,000,000",47423,Silent
27097,United States,2005,female,15-24 years,714,20429690,3.49,"13,093,726,000,000",47423,Millenials
27098,United States,2005,male,5-14 years,204,20675232,0.99,"13,093,726,000,000",47423,Millenials
27099,United States,2005,female,5-14 years,68,19721304,0.34,"13,093,726,000,000",47423,Millenials
27100,United States,2006,male,75+ years,2494,6986609,35.7,"13,855,888,000,000",49666,Silent
27101,United States,2006,male,35-54 years,10641,43139910,24.67,"13,855,888,000,000",49666,Boomers
27102,United States,2006,male,55-74 years,5431,23894147,22.73,"13,855,888,000,000",49666,Silent
27103,United States,2006,male,25-34 years,4053,20564653,19.71,"13,855,888,000,000",49666,Generation X
27104,United States,2006,male,15-24 years,3528,21844954,16.15,"13,855,888,000,000",49666,Millenials
27105,United States,2006,female,35-54 years,3376,43805214,7.71,"13,855,888,000,000",49666,Boomers
27106,United States,2006,female,55-74 years,1536,26609380,5.77,"13,855,888,000,000",49666,Silent
27107,United States,2006,female,25-34 years,932,19851326,4.69,"13,855,888,000,000",49666,Generation X
27108,United States,2006,female,75+ years,421,11356899,3.71,"13,855,888,000,000",49666,Silent
27109,United States,2006,female,15-24 years,661,20590472,3.21,"13,855,888,000,000",49666,Millenials
27110,United States,2006,male,5-14 years,153,20640120,0.74,"13,855,888,000,000",49666,Millenials
27111,United States,2006,female,5-14 years,66,19697164,0.34,"13,855,888,000,000",49666,Millenials
27112,United States,2007,male,75+ years,2566,7056824,36.36,"14,477,635,000,000",51585,Silent
27113,United States,2007,male,35-54 years,10978,42992076,25.53,"14,477,635,000,000",51585,Boomers
27114,United States,2007,male,55-74 years,5830,24661084,23.64,"14,477,635,000,000",51585,Silent
27115,United States,2007,male,25-34 years,4281,20531378,20.85,"14,477,635,000,000",51585,Generation X
27116,United States,2007,male,15-24 years,3481,22014323,15.81,"14,477,635,000,000",51585,Millenials
27117,United States,2007,female,35-54 years,3525,43607902,8.08,"14,477,635,000,000",51585,Boomers
27118,United States,2007,female,55-74 years,1684,27395858,6.15,"14,477,635,000,000",51585,Silent
27119,United States,2007,female,25-34 years,997,19839678,5.03,"14,477,635,000,000",51585,Generation X
27120,United States,2007,female,75+ years,411,11421017,3.6,"14,477,635,000,000",51585,Silent
27121,United States,2007,female,15-24 years,659,20765167,3.17,"14,477,635,000,000",51585,Millenials
27122,United States,2007,male,5-14 years,131,20659096,0.63,"14,477,635,000,000",51585,Generation Z
27123,United States,2007,female,5-14 years,53,19714203,0.27,"14,477,635,000,000",51585,Generation Z
27124,United States,2008,male,75+ years,2531,7072366,35.79,"14,718,582,000,000",52128,Silent
27125,United States,2008,male,35-54 years,11371,43002471,26.44,"14,718,582,000,000",52128,Boomers
27126,United States,2008,male,55-74 years,6558,25698503,25.52,"14,718,582,000,000",52128,Silent
27127,United States,2008,male,25-34 years,4273,20007152,21.36,"14,718,582,000,000",52128,Generation X
27128,United States,2008,male,15-24 years,3560,22184611,16.05,"14,718,582,000,000",52128,Millenials
27129,United States,2008,female,35-54 years,3619,42893858,8.44,"14,718,582,000,000",52128,Boomers
27130,United States,2008,female,55-74 years,1703,28307998,6.02,"14,718,582,000,000",52128,Silent
27131,United States,2008,female,25-34 years,1027,19812423,5.18,"14,718,582,000,000",52128,Generation X
27132,United States,2008,female,75+ years,428,11038522,3.88,"14,718,582,000,000",52128,Silent
27133,United States,2008,female,15-24 years,738,21149435,3.49,"14,718,582,000,000",52128,Millenials
27134,United States,2008,male,5-14 years,154,21074651,0.73,"14,718,582,000,000",52128,Generation Z
27135,United States,2008,female,5-14 years,68,20113575,0.34,"14,718,582,000,000",52128,Generation Z
27136,United States,2009,male,75+ years,2552,7168575,35.6,"14,418,739,000,000",50563,Silent
27137,United States,2009,male,35-54 years,11613,42932194,27.05,"14,418,739,000,000",50563,Boomers
27138,United States,2009,male,55-74 years,6851,26664733,25.69,"14,418,739,000,000",50563,Silent
27139,United States,2009,male,25-34 years,4293,20205941,21.25,"14,418,739,000,000",50563,Generation X
27140,United States,2009,male,15-24 years,3595,22343137,16.09,"14,418,739,000,000",50563,Millenials
27141,United States,2009,female,35-54 years,3664,42836835,8.55,"14,418,739,000,000",50563,Boomers
27142,United States,2009,female,55-74 years,1875,29296258,6.4,"14,418,739,000,000",50563,Silent
27143,United States,2009,female,25-34 years,1027,19992900,5.14,"14,418,739,000,000",50563,Generation X
27144,United States,2009,female,15-24 years,776,21299140,3.64,"14,418,739,000,000",50563,Millenials
27145,United States,2009,female,75+ years,389,11101144,3.5,"14,418,739,000,000",50563,Silent
27146,United States,2009,male,5-14 years,175,21139852,0.83,"14,418,739,000,000",50563,Generation Z
27147,United States,2009,female,5-14 years,90,20181953,0.45,"14,418,739,000,000",50563,Generation Z
27148,United States,2010,male,75+ years,2617,7263596,36.03,"14,964,372,000,000",51989,Silent
27149,United States,2010,male,35-54 years,11767,42798501,27.49,"14,964,372,000,000",51989,Generation X
27150,United States,2010,male,55-74 years,7287,27667895,26.34,"14,964,372,000,000",51989,Silent
27151,United States,2010,male,25-34 years,4645,20409866,22.76,"14,964,372,000,000",51989,Generation X
27152,United States,2010,male,15-24 years,3772,22463069,16.79,"14,964,372,000,000",51989,Millenials
27153,United States,2010,female,35-54 years,3604,42711237,8.44,"14,964,372,000,000",51989,Generation X
27154,United States,2010,female,55-74 years,2071,30326595,6.83,"14,964,372,000,000",51989,Silent
27155,United States,2010,female,25-34 years,1092,20180858,5.41,"14,964,372,000,000",51989,Generation X
27156,United States,2010,female,15-24 years,830,21395712,3.88,"14,964,372,000,000",51989,Millenials
27157,United States,2010,female,75+ years,403,11163521,3.61,"14,964,372,000,000",51989,Silent
27158,United States,2010,male,5-14 years,187,21207667,0.88,"14,964,372,000,000",51989,Generation Z
27159,United States,2010,female,5-14 years,87,20250632,0.43,"14,964,372,000,000",51989,Generation Z
27160,United States,2011,male,75+ years,2721,7448796,36.53,"15,517,926,000,000",53452,Silent
27161,United States,2011,male,35-54 years,11681,42566273,27.44,"15,517,926,000,000",53452,Generation X
27162,United States,2011,male,55-74 years,7572,28556351,26.52,"15,517,926,000,000",53452,Boomers
27163,United States,2011,male,25-34 years,4862,20698307,23.49,"15,517,926,000,000",53452,Millenials
27164,United States,2011,male,15-24 years,3959,22622559,17.5,"15,517,926,000,000",53452,Millenials
27165,United States,2011,female,35-54 years,3776,42485156,8.89,"15,517,926,000,000",53452,Generation X
27166,United States,2011,female,55-74 years,2128,31268702,6.81,"15,517,926,000,000",53452,Boomers
27167,United States,2011,female,25-34 years,1238,20408037,6.07,"15,517,926,000,000",53452,Millenials
27168,United States,2011,female,15-24 years,863,21552069,4.0,"15,517,926,000,000",53452,Millenials
27169,United States,2011,female,75+ years,421,11270969,3.74,"15,517,926,000,000",53452,Silent
27170,United States,2011,male,5-14 years,201,21185153,0.95,"15,517,926,000,000",53452,Generation Z
27171,United States,2011,female,5-14 years,86,20251453,0.42,"15,517,926,000,000",53452,Generation Z
27172,United States,2012,male,75+ years,2853,7633574,37.37,"16,155,255,000,000",55170,Silent
27173,United States,2012,male,35-54 years,11763,42326226,27.79,"16,155,255,000,000",55170,Generation X
27174,United States,2012,male,55-74 years,8032,29473157,27.25,"16,155,255,000,000",55170,Boomers
27175,United States,2012,male,25-34 years,4985,21028158,23.71,"16,155,255,000,000",55170,Millenials
27176,United States,2012,male,15-24 years,3918,22713083,17.25,"16,155,255,000,000",55170,Millenials
27177,United States,2012,female,35-54 years,3857,42238495,9.13,"16,155,255,000,000",55170,Generation X
27178,United States,2012,female,55-74 years,2264,32244829,7.02,"16,155,255,000,000",55170,Boomers
27179,United States,2012,female,25-34 years,1231,20667924,5.96,"16,155,255,000,000",55170,Millenials
27180,United States,2012,female,15-24 years,954,21653970,4.41,"16,155,255,000,000",55170,Millenials
27181,United States,2012,female,75+ years,428,11375645,3.76,"16,155,255,000,000",55170,Silent
27182,United States,2012,male,5-14 years,226,21198150,1.07,"16,155,255,000,000",55170,Generation Z
27183,United States,2012,female,5-14 years,85,20273917,0.42,"16,155,255,000,000",55170,Generation Z
27184,United States,2013,male,75+ years,2990,7816638,38.25,"16,691,517,000,000",56520,Silent
27185,United States,2013,male,55-74 years,8445,30405404,27.77,"16,691,517,000,000",56520,Boomers
27186,United States,2013,male,35-54 years,11396,42085688,27.08,"16,691,517,000,000",56520,Generation X
27187,United States,2013,male,25-34 years,5063,21386891,23.67,"16,691,517,000,000",56520,Millenials
27188,United States,2013,male,15-24 years,3903,22735631,17.17,"16,691,517,000,000",56520,Millenials
27189,United States,2013,female,35-54 years,3776,41983845,8.99,"16,691,517,000,000",56520,Generation X
27190,United States,2013,female,55-74 years,2484,33229667,7.48,"16,691,517,000,000",56520,Boomers
27191,United States,2013,female,25-34 years,1285,20951958,6.13,"16,691,517,000,000",56520,Millenials
27192,United States,2013,female,15-24 years,975,21698877,4.49,"16,691,517,000,000",56520,Millenials
27193,United States,2013,female,75+ years,431,11486590,3.75,"16,691,517,000,000",56520,Silent
27194,United States,2013,male,5-14 years,252,21233001,1.19,"16,691,517,000,000",56520,Generation Z
27195,United States,2013,female,5-14 years,143,20308672,0.7,"16,691,517,000,000",56520,Generation Z
27196,United States,2014,male,75+ years,3106,7994948,38.85,"17,427,609,000,000",58531,Silent
27197,United States,2014,male,55-74 years,8961,31339875,28.59,"17,427,609,000,000",58531,Boomers
27198,United States,2014,male,35-54 years,11455,41858354,27.37,"17,427,609,000,000",58531,Generation X
27199,United States,2014,male,25-34 years,5222,21760455,24.0,"17,427,609,000,000",58531,Millenials
27200,United States,2014,male,15-24 years,4089,22700273,18.01,"17,427,609,000,000",58531,Millenials
27201,United States,2014,female,35-54 years,4018,41742299,9.63,"17,427,609,000,000",58531,Generation X
27202,United States,2014,female,55-74 years,2676,34193742,7.83,"17,427,609,000,000",58531,Boomers
27203,United States,2014,female,25-34 years,1347,21250636,6.34,"17,427,609,000,000",58531,Millenials
27204,United States,2014,female,15-24 years,990,21691057,4.56,"17,427,609,000,000",58531,Millenials
27205,United States,2014,female,75+ years,477,11616299,4.11,"17,427,609,000,000",58531,Silent
27206,United States,2014,male,5-14 years,277,21264881,1.3,"17,427,609,000,000",58531,Generation Z
27207,United States,2014,female,5-14 years,151,20336916,0.74,"17,427,609,000,000",58531,Generation Z
27208,United States,2015,male,75+ years,3171,8171136,38.81,"18,120,714,000,000",60387,Silent
27209,United States,2015,male,55-74 years,9068,32264697,28.11,"18,120,714,000,000",60387,Boomers
27210,United States,2015,male,35-54 years,11634,41658010,27.93,"18,120,714,000,000",60387,Generation X
27211,United States,2015,male,25-34 years,5503,22137097,24.86,"18,120,714,000,000",60387,Millenials
27212,United States,2015,male,15-24 years,4359,22615073,19.27,"18,120,714,000,000",60387,Millenials
27213,United States,2015,female,35-54 years,4053,41531809,9.76,"18,120,714,000,000",60387,Generation X
27214,United States,2015,female,55-74 years,2872,35115610,8.18,"18,120,714,000,000",60387,Boomers
27215,United States,2015,female,25-34 years,1444,21555712,6.7,"18,120,714,000,000",60387,Millenials
27216,United States,2015,female,15-24 years,1132,21633813,5.23,"18,120,714,000,000",60387,Millenials
27217,United States,2015,female,75+ years,540,11778666,4.58,"18,120,714,000,000",60387,Silent
27218,United States,2015,male,5-14 years,255,21273987,1.2,"18,120,714,000,000",60387,Generation Z
27219,United States,2015,female,5-14 years,158,20342901,0.78,"18,120,714,000,000",60387,Generation Z
